uuid,firstName,lastName,street,city,state,email(s)
319e16a0-e1f7-4b33-b4d0-d987bf02969d,Roanna,Ballaam,935 Parkside Hill,Sainte-Marthe-sur-le-Lac,KS,67120,rballaam0@ebay.com
30b45cf2-5161-4f60-a107-0f62ec14a924,Gennie,Burman,65 Evergreen Junction,Dulâ€™durga,AK,687200,gburman1@hatena.ne.jp
95a086e2-6529-4a6f-a254-1c759d9e8654,Alon,Reilly,13 Susan Place,Jianqiao,NY,649382,"areilly2@people.com.cn, idontwanttodothis@gmail.com"
c1ddf173-ed89-4928-bea7-5472db1fa745,Miles,Ferreres,5 Cardinal Parkway,Heshui,LS,234948,mferreres3@netvibes.com
40c81fce-0e2a-4455-8529-c95b95693c9c,Byrann,Jovicic,42810 Fulton Street,Plato,NE,475038,bjovicic4@princeton.edu
3351a4ec-1fdb-45a3-ad1f-1fa1da14272f,Tremaine,Cahill,25697 Arapahoe Court,Nanggorak,OH,928374,"tcahill5@apache.org, thisisboring@boring.com"
328f5abf-3e27-47ad-8888-352af4590b14,Locke,Reolfi,25664 Granby Parkway,Liulin,CA,748373,lreolfi6@etsy.com
83f2f328-0ff5-4096-9f1e-693615cb7c3a,Niel,Rameau,305 Sommers Circle,Vrdy,TX,285471,nrameau7@tripadvisor.com
eabca26a-de84-426d-aec8-8e223130c31d,Findley,Paireman,58781 Tennyson Parkway,Santa,KY,984933,"fpaireman8@indiegogo.com, whoeverreadsthisisaloser@ohno.com"
0f85dcb0-9fb9-43e1-b134-427a5d9aff3f,Berty,Espinay,561 Evergreen Junction,Kumbo,NJ,19349,bespinay9@netvibes.com